[{"uid": "kentar.dima", "name": "Kentar Dima"}, {"uid": "keyspeed.bandung", "name": "Keyspeed Bandung"}, {"uid": "alberto.keonk", "name": "Alberto Keonk"}, {"uid": "udet.bintangkecil", "name": "Udet Bintangkecil"}, {"uid": "thio.budi.50", "name": "Thio Budi"}, {"uid": "IndraDiSini", "name": "Indra Alexander Lee"}, {"uid": "rorie.erawan", "name": "Rorie Erawan"}, {"uid": "virgie.koesdiantara", "name": "Virgie Koesdiantara"}, {"uid": "spagheti.bolognese", "name": "Spagheti Bolognese"}, {"uid": "rachman.kurniadi", "name": "Rachman Kurniadi"}, {"uid": "bandhika", "name": "Bayu Andhi"}, {"uid": "muda.mulyana", "name": "Muda Mulyana"}, {"uid": "dian.kolot", "name": "Dian Kolot"}, {"uid": "kemal.bachrie", "name": "Kemal Agusmula"}, {"uid": "ferdy.ferdiansyah", "name": "Ferdy Ferdiansyah"}, {"uid": "dalleku.fu", "name": "Robby Prasetyo"}, {"uid": "irma.viryanti", "name": "Irma Viryanti"}, {"uid": "nurmanid", "name": "Nurman Di"}, {"uid": "andrewtri13", "name": "Andrew Tri"}, {"uid": "Abay.BL", "name": "Abay Bl Abay"}, {"uid": "angga.wishnx", "name": "Angga Wishnx"}, {"uid": "arif.fitriadi.18", "name": "AReef Fitriadi"}, {"uid": "bl.jack", "name": "Jack Tibuludji"}, {"uid": "sekretariat.jabar", "name": "Imi Jabar"}, {"uid": "aziz.indra.75", "name": "Aziz Indra"}, {"uid": "odhoyz.tambunan", "name": "Odhoyz Tambunan"}, {"uid": "tubagus.prabusetya", "name": "Tubagus Budi Prabusetya"}, {"uid": "ujang.tea.9809", "name": "Ujang Tea"}, {"uid": "bagusbzo", "name": "Bagus Trianto"}, {"uid": "olich.bradpitt", "name": "Olich Bradpitt"}, {"uid": "satrianinjabiru", "name": "Aldy D'caprio"}, {"uid": "alvinbahar", "name": "Alvin Bahar"}, {"uid": "benny.santoso.180", "name": "Benny Santoso"}, {"uid": "bogel.ive", "name": "Yanuari Tri Prabowo"}, {"uid": "rizal.rachmat", "name": "Rizal Rachmat"}, {"uid": "h333ly", "name": "Helyanto Asadellio"}, {"uid": "qttink.dudi", "name": "Dudi Qttink"}, {"uid": "edoy.greyrover", "name": "Edoy Greyrover"}, {"uid": "rian.risnawati.3", "name": "Rian Risnawati"}, {"uid": "anton.febrianto.56", "name": "Anton Febrianto"}, {"uid": "deden.gantar.9", "name": "Deden Gantar"}, {"uid": "abbenoermansyah", "name": "Abbe Noermansyah"}, {"uid": "annaulisidauruk", "name": "Lie Sida"}, {"uid": "djdewo.botak", "name": "D'wo"}, {"uid": "annas.kasmardian", "name": "Annas Kasmardian"}, {"uid": "pantas.wpmt.sianturi", "name": "Pantas Wira Sianturi"}, {"uid": "fredi.rostiawan", "name": "Fredi R"}, {"uid": "yuda.m.saputra", "name": "Yuda Maulana Saputra"}, {"uid": "devie.mardiansyah", "name": "Papdv"}, {"uid": "djsracing.bursavelgbekas", "name": "DjsRacing Bursa Velg Bekas"}, {"uid": "syifa.rizqiana", "name": "Syifa Rizqiana"}, {"uid": "reputziel.ajah", "name": "Reputziel Ajah"}, {"uid": "trancesylph", "name": "Sylda"}, {"uid": "ilyas.bonanokumbang", "name": "Ilyas Bonano Kumbang"}, {"uid": "gandz.moontesa", "name": "Gandhi Gandz"}, {"uid": "david.angjaya", "name": "David Angjaya"}, {"uid": "wildanfathur.idan", "name": "Wildan Fathur Idan"}, {"uid": "erma.cavalo", "name": "Erma El Cavalo"}, {"uid": "iman.munandar.37", "name": "Iman Munandar"}, {"uid": "mekar.ban", "name": "Mekar Baru Ban"}, {"uid": "bahagia.tour", "name": "Bahagia Tour"}, {"uid": "matic.race", "name": "Matic Race"}, {"uid": "bursa.mobil.58", "name": "Bursa Mobil"}, {"uid": "korrie.larasatie", "name": "Korrie Hamsah"}, {"uid": "firmanqchenkaja.saputra", "name": "Firman Qchenk"}, {"uid": "kiaraautotech", "name": "Kiara Autotech"}, {"uid": "accordmaestro44", "name": "Accord Maestro Honda"}, {"uid": "cutemaster.vixion", "name": "Cutemaster Vixion"}, {"uid": "dedimulyadi.dede", "name": "Dedi Mulyadi Dede"}, {"uid": "CORNER777", "name": "Andreas Kurniadi"}, {"uid": "tabloidotomotif", "name": "Otomotif Weekly"}, {"uid": "aang.bl", "name": "Aang Bl"}, {"uid": "saepurohman.almaghribi.3", "name": "Saepurohman Almaghribi"}, {"uid": "febriansyah.nuky", "name": "Febriansyah Nuky"}, {"uid": "yenny.sendjaja", "name": "Yenny Sendjaja"}, {"uid": "polomasmotorsport.ciangsana", "name": "Polomas Motor"}, {"uid": "dicky.maulana.3760", "name": "Dicky Maulana"}, {"uid": "indra.pedro.1", "name": "Indra Pedro"}, {"uid": "putra76", "name": "Yayat Ruhiyat"}, {"uid": "akbar.nuraufa", "name": "Akbar"}, {"uid": "benzema.kosonglimabelas", "name": "Bergow Benzema"}, {"uid": "zakky.andriansyah", "name": "Zakky Andriansyah"}, {"uid": "hendra.purnama.5036", "name": "Hendra Purnama"}, {"uid": "bram.stoker.562", "name": "Bram Stoker"}, {"uid": "tristeguh.nugrahrai", "name": "Daneendo"}, {"uid": "suherman.sakyai", "name": "Suherman Sakai"}, {"uid": "budiluhur.racingteam", "name": "BudiLuhur RacingTeam"}, {"uid": "pratama3393", "name": "Pratama Putra Effendi"}, {"uid": "rangga.kararangge.3", "name": "Rangga Kararangge"}, {"uid": "yudi.kurniawan.581187", "name": "Yudi"}, {"uid": "eric.anthony.9210", "name": "Eric Zakaria"}, {"uid": "gcf.semarang", "name": "Gcf Semarang"}, {"uid": "riesant.ahmadi", "name": "Riesant Ahmadi"}, {"uid": "didid.garnida", "name": "Didid Garnida"}, {"uid": "tris.nugraha.1", "name": "Tris Nugraha"}, {"uid": "bonny.purwanagara", "name": "Bonny Purwanagara"}, {"uid": "rikho.putra.5", "name": "Rikho Putra"}, {"uid": "budiluhur.racingteam.9", "name": "BudiLuhur RacingTeam"}, {"uid": "maradithya", "name": "Muhammad Maradithya"}, {"uid": "hadi.wijaya.5220", "name": "Hadi Wijaya"}, {"uid": "owie21.nurhuda", "name": "Owie Nurhuda"}, {"uid": "abban.erwin", "name": "Erwin Abban"}, {"uid": "win.mey.racing", "name": "Ignatius Michael Tri Hastono"}, {"uid": "contesso", "name": "Conte Contesso"}, {"uid": "651392809", "name": "Chateau Portia"}, {"uid": "riana.rian.904", "name": "Riana Rian"}, {"uid": "nietha.susanti", "name": "Nitha Susanti"}, {"uid": "autospeedmobile.bandung", "name": "\u179a\u17c0\u17c0\u17b7\u17b7\u17b7\u17b7\u179a\u17c0\u17c0\u179a\u179a\u179a\u179a\u179a\u179a\u179a\u179a \u179a\u17b9\u17b9\u17b9\u17b9\u17b9\u17b9\u17b9\u17b9\u17b9\u17b9\u17b9\u17b9\u17b9\u17b9\u17b9\u17b9\u17b9\u17b9\u17b9\u17b9 \u179a\u17c0\u179a\u179a\u179a\u17c0\u179a\u179a\u179a\u17c0\u17b9\u17b9\u17b9\u17b9\u17b9\u17b9\u17b9\u17b9\u17b9\u17b9\u1793"}, {"uid": "andreerizal", "name": "Andrie Rizal"}, {"uid": "roy.bakkersp", "name": "Roy Bakkers P"}, {"uid": "bayu.panadia", "name": "Bayu Panadia"}, {"uid": "ness.bodyworks", "name": "Ness Bodyworks"}, {"uid": "bhonks.yana", "name": "B'honk Yana"}, {"uid": "adhitya.pamungkas.10", "name": "Adhitya Pamungkas"}, {"uid": "ruby.wiriasaputra", "name": "Ruby Wiriasaputra"}, {"uid": "eko.b.panji", "name": "Eko Bayu Panji"}, {"uid": "joe.sundah", "name": "Joe Marchiano Sundah"}, {"uid": "eka.radhityanoor", "name": "Eka Radhitya Noor"}, {"uid": "iwan.guna1", "name": "Iwan Gunawan"}, {"uid": "wendy.rif", "name": "Djwendy March Rif"}, {"uid": "BFRCBandung", "name": "Bfrc Bandung"}, {"uid": "ebyb.february", "name": "Ebyb February"}, {"uid": "ngopdul", "name": "Ngopi Doeloe"}, {"uid": "dani.garnida", "name": "Dani Garnida"}, {"uid": "michael.mardonius", "name": "Michael Mardonius"}, {"uid": "donny.hermanto", "name": "Donny Hermanto"}, {"uid": "be.bayu.7", "name": "Be Bayu"}, {"uid": "ujang.puyuh", "name": "Ujang Puyuh"}, {"uid": "dhani.herdian.50", "name": "Dhani Herdian"}, {"uid": "rifan.sani", "name": "Rifan Sani"}, {"uid": "sandy.agung2", "name": "Sandy Agung"}, {"uid": "gina.hadian", "name": "Gina Pratiwi Hadian"}, {"uid": "dadan.indrawan.3", "name": "Dadan Indrawan"}, {"uid": "budi.setiawan.54966834", "name": "Budi Setiawan"}, {"uid": "cecep.hanijuhana", "name": "Cecep Hani Juhana"}, {"uid": "chuby.novie", "name": "Adria Novianti Karta"}, {"uid": "ferry.f.ocktane", "name": "Ferry F. Ocktane"}, {"uid": "bugie.sukmasatria", "name": "Bugie Sukmasatria"}, {"uid": "septi.yani.90", "name": "Septi Yani"}, {"uid": "septiyanpratama.putra", "name": "Septiyan Pratama Putra"}, {"uid": "desri.setiasari", "name": "Desri Setiasari"}, {"uid": "feringga.ardana", "name": "Feringga Arda Ardana"}, {"uid": "Decky.Azhar", "name": "Decky Azhar"}, {"uid": "wendy.asharirahmandani", "name": "Wendy Kardondi Ashari Rahmandani"}, {"uid": "jack.jajang.9", "name": "Jack Jajang"}, {"uid": "fanny.moor.1", "name": "Fanny Moor"}, {"uid": "donni.ambori", "name": "D\u00f6nni Ambori"}, {"uid": "martin.rifaldo", "name": "Martin Rifaldo"}, {"uid": "oke.junjunan", "name": "Oke D Junjunan"}, {"uid": "andreas.p.lubis", "name": "Andreas Pibriaji Lubis"}, {"uid": "sanufiansyah.martadisastra", "name": "Sanufiansyah Martadisastra"}, {"uid": "radityo.murti", "name": "Radityo Wisnu Murti"}, {"uid": "arie.ocktane", "name": "Arie Ocktane"}, {"uid": "julian.latuheru", "name": "Julian Latuheru"}, {"uid": "Dimas.Ismail", "name": "Dimas Ismail"}, {"uid": "pandito.x", "name": "Pandit Andrea"}, {"uid": "doni.sacakusumah", "name": "Doni Firmansyah Sacakusumah"}, {"uid": "agung.setyadhi", "name": "Agung Setyadhi"}, {"uid": "adhitya.kurniadi.3", "name": "Adhitya Kurniadi"}, {"uid": "bennypw", "name": "Benny P Wicaksono"}, {"uid": "erwin.abban", "name": "Erwin M. Chairudin"}, {"uid": "niko.rastagil", "name": "Niko Rastagil Sch"}, {"uid": "ArlyRizki", "name": "Arly Rizki"}, {"uid": "arnold.panghegar", "name": "Arnold Panghegar"}, {"uid": "faisal.leonardi", "name": "Faisal Leonardi"}, {"uid": "reza.b.omen", "name": "Reza Bulsq Omen"}, {"uid": "anton.wijaya.1671", "name": "Anton Wijaya"}, {"uid": "roi.posma", "name": "Roi Posma"}, {"uid": "yudi.m.b.3", "name": "Yudi Muhamad B"}, {"uid": "KrieZz", "name": "Krisna Putra"}, {"uid": "jay.subrata", "name": "Jay Subrata"}, {"uid": "aditya.novaldi.58", "name": "Aditya Novaldi"}, {"uid": "die4na", "name": "Nani D Sari"}, {"uid": "Yorkeous", "name": "Ducke Resha"}, {"uid": "febry.aryansyah", "name": "Febry Aryansyah"}, {"uid": "rizkyokky.fauzy", "name": "Rizky Okky Fauzy"}, {"uid": "andhika.juwandra", "name": "Andhika Juwandra"}, {"uid": "deddy.nugraha.14", "name": "Dedi Nugraha"}, {"uid": "mullersilaen", "name": "Muller Randang Silaen"}, {"uid": "jo.bex.18", "name": "Jo Bex"}, {"uid": "rizky.marita", "name": "Kikuk"}, {"uid": "rachmad.dumarta", "name": "Rachmad Dumarta"}, {"uid": "dimans", "name": "Ardimansyah Hardi"}, {"uid": "yudiana.wijaya", "name": "Yudiana Wijaya"}, {"uid": "agung.perwirabap", "name": "Agung Perwira Bap"}, {"uid": "yudhabaduy", "name": "Yudha Badooy"}, {"uid": "ade.heryanto.54", "name": "Ade Heryanto"}, {"uid": "mike.gindir", "name": "Mike Gindir"}, {"uid": "asepmulyahariantobrull", "name": "Asep Brull"}, {"uid": "pupunk.bl", "name": "Ipung Muhtadien"}, {"uid": "keyz.key.3", "name": "Key'z Key"}, {"uid": "aip.rakhmanarief", "name": "Arief Tirta Kencana"}, {"uid": "robby.p.rahardjo", "name": "Robby Prasetya Rahardjo"}, {"uid": "monong.suryana", "name": "Monong Suryana"}, {"uid": "firmanabadi78", "name": "Firman Abadi"}, {"uid": "ototebet", "name": "GarasiOne Tebet"}, {"uid": "ayip.helmy", "name": "Ayip Helmy Al Haddad"}, {"uid": "njey.squidking", "name": "Njey Ayah Anya SquidKing"}, {"uid": "harris.analeg", "name": "Harris Mochammad Analeg"}, {"uid": "rinaldhy.rajasa", "name": "Rinaldhy Idonk Bagus Rajasa"}, {"uid": "masbro.medi", "name": "Si Medi"}, {"uid": "rikakh", "name": "Rika Kiki Riffanza"}, {"uid": "indrie.novita.1", "name": "Indrie Novita"}, {"uid": "theracer.luphbund", "name": "Ridwan 'barkoui' Aditya"}, {"uid": "bimo.haryo", "name": "Bimo Haryo"}, {"uid": "erladhi.pratama", "name": "Erlangga Adhi Pratama"}, {"uid": "shitie.a.aozora", "name": "Shitie Aozora"}, {"uid": "Clipsounds", "name": "Hugo Clipsounds"}, {"uid": "ressa.sandhaya", "name": "Ressa Sandhaya"}, {"uid": "DKingZofBottyZ", "name": "Rama Janitra"}, {"uid": "asep.mulya.harianto", "name": "Asep Mulya Harianto Brull"}, {"uid": "Gandihasstex", "name": "Gandi Hasstex"}, {"uid": "irifani2", "name": "Ichsan Rifani"}, {"uid": "ebelsiawonsaalamdunya", "name": "Ahimsa Ebel"}, {"uid": "risma.my1", "name": "Risma 'may'"}, {"uid": "angel.crime.75", "name": "M Syahrudin Chitoge Kirisaki Gremory Aogiri Rize Evangeline Athanasia Katherine Mcdowell Ania Fortuna Somesheru Miku Crowzenbruhi Arata Shinomiya Christa Lenz Natsukawa Ackerman Alexandra Alvredo Akihito Kizuna Kanade Sakurajima Mai Aizawa Houtarou Aka XD"}, {"uid": "nanda.abdinesia", "name": "Nanda Abdinesia Sitepu"}, {"uid": "sherry.cantik", "name": "Sherry Novia Bollemeyer"}, {"uid": "H.Perdhana", "name": "Henry Perdhana"}, {"uid": "hari.triwibowo.1", "name": "Hari Susanto Triwibowo"}, {"uid": "aditya.rachman.5667", "name": "Aditya Rachman"}, {"uid": "CpereBL", "name": "Ricky Ristiawan"}, {"uid": "mirzakuzuma", "name": "MirZa KusuMa"}, {"uid": "indra.pedro", "name": "Indra Widyatmaja"}, {"uid": "prima.widyatama", "name": "Prima Widyatama"}, {"uid": "irani.azhary", "name": "Irani Randy Azhary"}, {"uid": "adi.sopyan.355", "name": "Adi Sopyan"}, {"uid": "risa.herisana", "name": "Risa Herisana"}, {"uid": "kolektif.okboss", "name": "Kolektif Songs Ok Boss"}, {"uid": "tengkuz88", "name": "Tengku Zainal"}, {"uid": "faraz.syahgiyana", "name": "Faraz Syahgiyana"}, {"uid": "andrea.billy", "name": "Andrea"}, {"uid": "disandrie", "name": "Abdie Sandrie"}, {"uid": "treezz", "name": "Tristeguh Nugraha"}, {"uid": "sabethology", "name": "Sabeth Hutahaean Hardono"}, {"uid": "dempaq", "name": "Edwin Firman"}, {"uid": "faisalzuliyandi", "name": "Sal FaiSal Shandy"}]
